"met","code","description"
"14.0","1003","bicycling, mountain, uphill, vigorous"
"16.0","1004","bicycling, mountain, competitive, racing"
"8.5","1008","bicycling, BMX"
"8.5","1009","bicycling, mountain, general"
"4.0","1010","bicycling, <10 mph, leisure, to work or for pleasure (Taylor Code 115)"
"6.8","1011","bicycling, to/from work, self selected pace"
"5.8","1013","bicycling, on dirt or farm road, moderate pace"
"7.5","1015","bicycling, general"
"3.5","1018","bicycling, leisure, 5.5 mph"
"6.8","1020","bicycling, 10-11.9 mph, leisure, slow, light effort"
"8.0","1030","bicycling, 12-13.9 mph, leisure, moderate effort"
"10.0","1040","bicycling, 14-15.9 mph, racing or leisure, fast, vigorous effort"
"12.0","1050","bicycling, 16-19 mph, racing/not drafting or > 19 mph drafting, very fast, racing general"
"15.8","1060","bicycling, > 20 mph, racing, not drafting"
"8.5","1065","bicycling, 12 mph, seated, hands on brake hoods or bar drops, 80 rpm"
"9.0","1066","bicycling, 12 mph, standing, hands on brake hoods, 60 rpm"
"5.0","1070","unicycling"
"2.3","2001","activity promoting video game (e.g., Wii Fit), light effort (e.g., balance, yoga)"
"3.8","2003","activity promoting video game (e.g., Wii Fit), moderate effort (e.g., aerobic, resistance)"
"7.2","2005","activity promoting video/arcade game (e.g., Exergaming, Dance Dance Revolution), vigorous effort"
"5.0","2008","army type obstacle course exercise, boot camp training program "
"7.0","2010","bicycling, stationary, general"
"3.5","2011","bicycling, stationary, 30-50 watts, very light to light effort"
"6.8","2012","bicycling, stationary, 90-100 watts, moderate to vigorous effort"
"8.8","2013","bicycling, stationary, 101-160 watts, vigorous effort"
"11.0","2014","bicycling, stationary, 161-200 watts, vigorous effort"
"14.0","2015","bicycling, stationary, 201-270 watts, very vigorous effort"
"4.8","2017","bicycling, stationary, 51-89 watts, light-to-moderate effort"
"8.5","2019","bicycling, stationary, RPM/Spin bike class"
"8.0","2020","calisthenics (e.g., push ups, sit ups, pull-ups, jumping jacks), vigorous effort"
"3.8","2022","calisthenics (e.g., push ups, sit ups, pull-ups, lunges), moderate effort"
"2.8","2024","calisthenics (e.g., situps, abdominal crunches), light effort"
"3.5","2030","calisthenics, light or moderate effort, general (example: back exercises), going up & down from floor (Taylor Code 150)"
"4.3","2035","circuit training, moderate effort"
"8.0","2040","circuit training, including kettlebells, some aerobic movement with minimal rest, general, vigorous intensity"
"3.5","2045","Curves exercise routines in women"
"5.0","2048","Elliptical trainer, moderate effort "
"6.0","2050","resistance training (weight lifting - free weight, nautilus or universal-type), power lifting or body building, vigorous effort (Taylor Code 210)"
"5.0","2052","resistance (weight) training, squats , slow or explosive effort"
"3.5","2054","resistance (weight) training, multiple exercises, 8-15 repetitions at varied resistance "
"5.5","2060","health club exercise, general (Taylor Code 160)"
"9.0","2065","stair-treadmill ergometer, general"
"11.0","2068","rope skipping, general"
"6.0","2070","rowing, stationary ergometer, general, vigorous effort"
"4.8","2071","rowing, stationary, general, moderate effort"
"7.0","2072","rowing, stationary, 100 watts, moderate effort"
"8.5","2073","rowing, stationary, 150 watts, vigorous effort"
"12.0","2074","rowing, stationary, 200 watts, very vigorous effort"
"6.8","2080","ski machine, general"
"11.0","2085","slide board exercise, general"
"6.0","2090","slimnastics, jazzercise"
"2.3","2101","stretching, mild"
"3.0","2105","pilates, general"
"6.8","2110","teaching exercise class (e.g., aerobic, water)"
"2.8","2112","therapeutic exercise ball, Fitball exercise"
"2.8","2115","upper body exercise, arm ergometer"
"4.3","2117","upper body exercise, stationary bicycle - Airdyne (arms only) 40 rpm, moderate"
"5.3","2120","water aerobics, water calisthenics, water exercise"
"1.3","2135","whirlpool, sitting"
"2.3","2140","video exercise workouts, TV conditioning programs (e.g., yoga, stretching), light effort"
"4.0","2143","video exercise workouts, TV conditioning programs (e.g., cardio-resistance), moderate effort"
"6.0","2146","video exercise workouts, TV conditioning programs (e.g., cardio-resistance), vigorous effort"
"2.5","2150","yoga, Hatha"
"4.0","2160","yoga, Power"
"2.0","2170","yoga, Nadisodhana"
"3.3","2180","yoga, Surya Namaskar"
"5.3","2200","native New Zealander physical activities (e.g., Haka Powhiri, Moteatea, Waita Tira, Whakawatea, etc.) , general, moderate effort"
"6.8","2205","native New Zealander physical activities (e.g., Haka, Taiahab), general, vigorous effort"
"5.0","3010","ballet, modern, or jazz, general, rehearsal or class"
"6.8","3012","ballet, modern, or jazz, performance, vigorous effort"
"4.8","3014","tap"
"7.3","3015","aerobic, general"
"7.5","3016","aerobic, step, with 6 - 8 inch step"
"9.5","3017","aerobic, step, with 10 - 12 inch step"
"5.5","3018","aerobic, step, with 4-inch step"
"8.5","3019","bench step class, general"
"5.0","3020","aerobic, low impact"
"7.3","3021","aerobic, high impact"
"10.0","3022","aerobic dance wearing 10-15 lb weights"
"4.5","3025","ethnic or cultural dancing (e.g., Greek, Middle Eastern, hula, salsa, merengue, bamba y plena, flamenco, belly, and swing)"
"5.5","3030","ballroom, fast (Taylor Code 125)"
"7.8","3031","general dancing (e.g., disco, folk, Irish step dancing, line dancing, polka, contra, country)"
"11.3","3038","ballroom dancing, competitive, general"
"3.0","3040","ballroom, slow (e.g., waltz, foxtrot, slow dancing, samba, tango, 19th century dance, mambo, cha cha)"
"5.5","3050","Anishinaabe Jingle Dancing"
"3.5","3060","Caribbean dance (Abakua, Beguine, Bellair, Bongo, Brukin's, Caribbean Quadrills, Dinki Mini, Gere, Gumbay, Ibo, Jonkonnu, Kumina, Oreisha, Jambu)"
"3.5","4001","fishing, general"
"4.5","4005","fishing, crab fishing"
"4.0","4007","fishing, catching fish with hands"
"4.3","4010","fishing related, digging worms, with shovel"
"4.0","4020","fishing from river bank and walking"
"2.0","4030","fishing from boat or canoe, sitting"
"3.5","4040","fishing from river bank, standing (Taylor Code 660)"
"6.0","4050","fishing in stream, in waders (Taylor Code 670)"
"2.0","4060","fishing, ice, sitting"
"1.8","4061","fishing, jog or line, standing, general"
"3.5","4062","fishing, dip net, setting net and retrieving fish, general"
"3.8","4063","fishing, set net, setting net and retrieving fish, general"
"3.0","4064","fishing, fishing wheel, setting net and retrieving fish, general"
"2.3","4065","fishing with a spear, standing"
"2.5","4070","hunting, bow and arrow, or crossbow"
"6.0","4080","hunting, deer, elk, large game (Taylor Code 170)"
"11.3","4081","hunting large game, dragging carcass"
"4.0","4083","hunting large marine animals"
"2.5","4085","hunting large game, from a hunting stand, limited walking"
"2.0","4086","hunting large game from a car, plane, or boat"
"2.5","4090","hunting, duck, wading"
"3.0","4095","hunting, flying fox, squirrel"
"5.0","4100","hunting, general"
"6.0","4110","hunting, pheasants or grouse (Taylor Code 680)"
"3.3","4115","hunting, birds"
"5.0","4120","hunting, rabbit, squirrel, prairie chick, raccoon, small game (Taylor Code 690)"
"3.3","4123","hunting, pigs, wild"
"2.0","4124","trapping game, general"
"9.5","4125","hunting, hiking with hunting gear"
"2.5","4130","pistol shooting or trap shooting, standing"
"2.3","4140","rifle exercises, shooting, lying down"
"2.5","4145","rifle exercises, shooting, kneeling or standing"
"3.3","5010","cleaning, sweeping carpet or floors, general"
"2.3","5011","cleaning, sweeping, slow, light effort"
"3.8","5012","cleaning, sweeping, slow, moderate effort"
"3.5","5020","cleaning, heavy or major (e.g. wash car, wash windows, clean garage), moderate effort"
"3.5","5021","cleaning, mopping, standing, moderate effort"
"3.2","5022","cleaning windows, washing windows, general"
"2.5","5023","mopping, standing, light effort"
"4.5","5024","polishing floors, standing, walking slowly, using electric polishing machine"
"2.8","5025","multiple household tasks all at once, light effort"
"3.5","5026","multiple household tasks all at once, moderate effort"
"4.3","5027","multiple household tasks all at once, vigorous effort"
"3.3","5030","cleaning, house or cabin, general, moderate effort"
"2.3","5032","dusting or polishing furniture, general"
"3.3","5035","kitchen activity, general, (e.g., cooking, washing dishes, cleaning up), moderate effort"
"2.5","5040","cleaning, general (straightening up, changing linen, carrying out trash, light effort"
"1.8","5041","wash dishes, standing or in general (not broken into stand/walk components)"
"2.5","5042","wash dishes, clearing dishes from table, walking, light effort"
"3.3","5043","vacuuming, general, moderate effort"
"3.0","5044","butchering animals, small"
"6.0","5045","butchering animal, large, vigorous effort"
"2.3","5046","cutting and smoking fish, drying fish or meat"
"4.0","5048","tanning hides, general"
"3.5","5049","cooking or food preparation, moderate effort"
"2.0","5050","cooking or food preparation - standing or sitting or in general (not broken into stand/walk components), manual appliances, light effort"
"2.5","5051","serving food, setting table, implied walking or standing"
"2.5","5052","cooking or food preparation, walking"
"2.5","5053","feeding household animals"
"2.5","5055","putting away groceries (e.g. carrying groceries, shopping without a grocery cart), carrying packages"
"7.5","5056","carrying groceries upstairs"
"3.0","5057","cooking Indian bread on an outside stove"
"2.3","5060","food shopping with or without a grocery cart, standing or walking"
"2.3","5065","non-food shopping, with or without a cart, standing or walking"
"1.8","5070","ironing"
"1.3","5080","knitting, sewing, light effort, wrapping presents, sitting"
"2.8","5082","sewing with a machine"
"2.0","5090","laundry, fold or hang clothes, put clothes in washer or dryer, packing suitcase, washing clothes by hand,implied standing, light effort"
"4.0","5092","laundry, hanging wash, washing clothes by hand, moderate effort"
"2.3","5095","laundry, putting away clothes, gathering clothes to pack, putting away laundry,implied walking"
"3.3","5100","making bed, changing linens"
"5.0","5110","maple syruping/sugar bushing (including carrying buckets, carrying wood)"
"5.8","5120","moving furniture, household items, carrying boxes"
"5.0","5121","moving, lifting light loads"
"4.8","5125","organizing room"
"3.5","5130","scrubbing floors, on hands and knees, scrubbing bathroom, bathtub, moderate effort"
"2.0","5131","scrubbing floors, on hands and knees, scrubbing bathroom, bathtub, light effort"
"6.5","5132","scrubbing floors, on hands and knees, scrubbing bathroom, bathtub, vigorous effort"
"4.0","5140","sweeping garage, sidewalk or outside of house"
"3.5","5146","standing, packing/unpacking boxes, occasional lifting of lightweight household items, loading or unloading items in car, moderate effort"
"3.0","5147","implied walking, putting away household items, moderate effort"
"2.5","5148","watering  plants"
"2.5","5149","building a fire inside"
"9.0","5150","moving household items upstairs, carrying boxes or furniture"
"2.0","5160","standing, light effort tasks (pump gas, change light bulb, etc.)"
"3.5","5165","walking, moderate effort tasks, non-cleaning (readying to leave, shut/lock doors, close windows, etc.)"
"2.2","5170","sitting, playing with child(ren), light effort, only active periods"
"2.8","5171","standing, playing with child(ren) light effort, only active periods"
"3.5","5175","walking/running, playing with child(ren), moderate effort, only active periods"
"5.8","5180","walking/running, playing with child(ren), vigorous effort, only active periods"
"3.0","5181","walking and carrying small child, child weighing 15 lbs or more"
"2.3","5182","walking, moderate effort tasks, non-cleaning (readying to leave, shut/lock doors, close windows, etc.)"
"2.0","5183","standing, holding child"
"2.5","5184","child care, infant, general"
"2.0","5185","child care, sitting/kneeling (e.g., dressing, bathing, grooming, feeding, occasional lifting of child), light effort, general"
"3.0","5186","child care, standing (e.g., dressing, bathing, grooming, feeding, occasional lifting of child), moderate effort"
"1.5","5188","reclining with baby"
"2.0","5189","breastfeeding, sitting or reclining"
"2.5","5190","sit, playing with animals, light effort, only active periods"
"2.8","5191","stand, playing with animals, light effort, only active periods"
"3.0","5192","walk/run, playing with animals, general, light effort, only active periods"
"4.0","5193","walk/run, playing with animals, moderate effort, only active periods"
"5.0","5194","walk/run, playing with animals, vigorous effort, only active periods"
"3.5","5195","standing, bathing dog"
"2.3","5197","animal care, household animals, general"
"4.0","5200","elder care, disabled adult, bathing, dressing, moving into and out of bed, only active periods "
"2.3","5205","elder care, disabled adult, feeding, combing hair, light effort, only active periods"
"3.0","6010","airplane repair"
"4.0","6020","automobile body work"
"3.3","6030","automobile repair, light or moderate effort"
"3.0","6040","carpentry, general, workshop (Taylor Code 620)"
"6.0","6050","carpentry, outside house, installing rain gutters (Taylor Code 640),carpentry, outside house, building a fence"
"3.8","6052","carpentry, outside house, building a fence"
"3.3","6060","carpentry, finishing or refinishing cabinets or furniture"
"6.0","6070","carpentry, sawing hardwood"
"4.0","6072","carpentry, home remodeling tasks, moderate effort"
"2.3","6074","carpentry, home remodeling tasks, light effort "
"5.0","6080","caulking, chinking log cabin"
"4.5","6090","caulking, except log cabin"
"5.0","6100","cleaning gutters"
"5.0","6110","excavating garage"
"5.0","6120","hanging storm windows"
"5.0","6122","hanging sheet rock inside house"
"3.0","6124","hammering nails"
"2.5","6126","home repair, general, light effort"
"4.5","6127","home repair, general, moderate effort"
"6.0","6128","home repair, general, vigorous effort"
"4.5","6130","laying or removing carpet"
"3.8","6140","laying tile or linoleum,repairing appliances"
"3.0","6144","repairing appliances"
"5.0","6150","painting, outside home (Taylor Code 650)"
"3.3","6160","painting inside house,wallpapering, scraping paint"
"4.5","6165","painting, (Taylor Code 630)"
"3.0","6167","plumbing, general"
"3.0","6170","put on and removal of tarp - sailboat"
"6.0","6180","roofing"
"4.5","6190","sanding floors with a power sander"
"4.5","6200","scraping and painting sailboat or powerboat"
"2.0","6205","sharpening tools"
"5.0","6210","spreading dirt with a shovel"
"4.5","6220","washing and waxing hull of sailboat or airplane"
"2.0","6225","washing and waxing car"
"4.5","6230","washing fence, painting fence, moderate effort"
"3.3","6240","wiring, tapping-splicing"
"1.0","7010","lying quietly and watching television"
"1.3","7011","lying quietly, doing nothing, lying in bed awake, listening to music (not talking or reading)"
"1.3","7020","sitting quietly and watching television"
"1.3","7021","sitting quietly, general"
"1.5","7022","sitting quietly, fidgeting, general, fidgeting hands"
"1.8","7023","sitting, fidgeting feet"
"1.3","7024","sitting, smoking"
"1.5","7025","sitting, listening to music (not talking or reading) or watching a movie in a theater"
"1.3","7026","sitting at a desk, resting head in hands"
"1.3","7040","standing quietly, standing in a line"
"1.8","7041","standing, fidgeting"
"1.3","7050","reclining, writing"
"1.3","7060","reclining, talking or talking on phone"
"1.3","7070","reclining, reading"
"1.0","7075","meditating"
"3.3","8009","carrying, loading or stacking wood, loading/unloading or carrying lumber, light-to-moderate effort"
"5.5","8010","carrying, loading or stacking wood, loading/unloading or carrying lumber"
"4.5","8019","chopping wood, splitting logs, moderate effort"
"6.3","8020","chopping wood, splitting logs, vigorous effort"
"3.5","8025","clearing light brush, thinning garden, moderate effort"
"6.3","8030","clearing brush/land, undergrowth, or ground, hauling branches, wheelbarrow chores, vigorous effort"
"5.0","8040","digging sandbox, shoveling sand"
"3.5","8045","digging, spading, filling garden, composting, light-to-moderate effort"
"5.0","8050","digging, spading, filling garden, compositing, (Taylor Code 590)"
"7.8","8052","digging, spading, filling garden, composting, vigorous effort"
"2.8","8055","driving tractor"
"8.3","8057","felling trees, large size"
"5.3","8058","felling trees, small-medium size"
"5.8","8060","gardening with heavy power tools, tilling a garden, chain saw"
"2.3","8065","gardening, using containers, older adults > 60 years"
"4.0","8070","irrigation channels, opening and closing ports"
"6.3","8080","laying crushed rock"
"5.0","8090","laying sod"
"5.5","8095","mowing lawn, general"
"2.5","8100","mowing lawn, riding mower (Taylor Code 550)"
"6.0","8110","mowing lawn, walk, hand mower (Taylor Code 570)"
"5.0","8120","mowing lawn, walk, power mower, moderate or vigorous effort"
"4.5","8125","mowing lawn, power mower, light or moderate effort (Taylor Code 590)"
"2.5","8130","operating snow blower, walking"
"2.0","8135","planting, potting, transplanting seedlings or plants, light effort"
"4.3","8140","planting seedlings, shrub, stooping, moderate effort"
"4.3","8145","planting crops or garden, stooping, moderate effort"
"4.5","8150","planting trees"
"3.8","8160","raking lawn or leaves, moderate effort"
"4.0","8165","raking lawn (Taylor Code 600)"
"4.0","8170","raking roof with snow rake"
"3.0","8180","riding snow blower"
"4.0","8190","sacking grass, leaves"
"5.5","8192","shoveling dirt or mud"
"5.3","8195","shoveling snow, by hand, moderate effort"
"6.0","8200","shovelling snow, by hand (Taylor Code 610)"
"7.5","8202","shoveling snow, by hand, vigorous effort"
"4.0","8210","trimming shrubs or trees, manual cutter"
"3.5","8215","trimming shrubs or trees, power cutter, using leaf blower, edge, moderate effort"
"3.0","8220","walking, applying fertilizer or seeding a lawn, push applicator"
"1.5","8230","watering lawn or garden, standing or walking"
"3.5","8239","weeding, cultivating garden, light-to-moderate effort"
"4.5","8240","weeding, cultivating garden (Taylor Code 580)"
"5.0","8241","weeding, cultivating garden, using a hoe, moderate-to-vigorous effort"
"3.8","8245","gardening, general, moderate effort"
"3.5","8246","picking fruit off trees, picking fruits/vegetables, moderate effort"
"4.5","8248","picking fruit off trees, gleaning fruits, picking fruits/vegetables, climbing ladder to pick fruit, vigorous effort"
"3.3","8250","implied walking/standing - picking up yard, light, picking flowers or vegetables"
"3.0","8251","walking, gathering gardening tools"
"5.5","8255","wheelbarrow, pushing garden cart or wheelbarrow"
"3.0","8260","yard work, general, light effort"
"4.0","8261","yard work, general, moderate effort"
"6.0","8262","yard work, general, vigorous effort"
"1.5","9000","board game playing, sitting"
"2.5","9005","casino gambling, standing"
"1.5","9010","card playing, sitting"
"1.5","9013","chess game, sitting"
"1.5","9015","copying documents, standing"
"1.8","9020","drawing, writing, painting, standing"
"1.0","9025","laughing, sitting"
"1.3","9030","sitting, reading, book, newspaper, etc."
"1.3","9040","sitting, writing, desk work, typing"
"1.0","9045","sitting, playing traditional video game, computer game"
"1.8","9050","standing, talking in person, on the phone, computer, or text messaging, light effort"
"1.5","9055","sitting, talking in person, on the phone, computer, or text messaging, light effort"
"1.3","9060","sitting, studying, general, including reading and/or writing, light effort"
"1.8","9065","sitting, in class, general, including note-taking or class discussion"
"1.8","9070","standing, reading"
"2.5","9071","standing, miscellaneous"
"1.8","9075","sitting, arts and crafts,  carving wood, weaving, spinning wool, light effort"
"3.0","9080","sitting, arts and crafts,  carving wood, weaving, spinning wool, moderate effort"
"2.5","9085","standing, arts and crafts, sand painting, carving, weaving, light effort"
"3.3","9090","standing, arts and crafts, sand painting, carving, weaving, moderate effort"
"3.5","9095","standing, arts and crafts, sand painting, carving, weaving, vigorous effort"
"1.8","9100","retreat/family reunion activities involving sitting, relaxing, talking, eating"
"3.0","9101","retreat/family reunion activities involving playing games with children"
"2.0","9105","touring/traveling/vacation involving riding in a vehicle"
"3.5","9106","touring/traveling/vacation involving walking"
"2.5","9110","camping involving standing, walking, sitting, light-to-moderate effort"
"1.5","9115","sitting at a sporting event, spectator"
"1.8","10010","accordion, sitting"
"2.3","10020","cello, sitting"
"2.3","10030","conducting orchestra, standing"
"3.8","10040","drums, sitting"
"3.0","10045","drumming (e.g., bongo, conga, benbe), moderate, sitting"
"2.0","10050","flute, sitting"
"1.8","10060","horn, standing"
"2.3","10070","piano, sitting"
"3.5","10080","trombone, standing"
"1.8","10090","trumpet, standing"
"2.5","10100","violin, sitting"
"1.8","10110","woodwind, sitting"
"2.0","10120","guitar, classical, folk, sitting"
"3.0","10125","guitar, rock and roll band, standing"
"4.0","10130","marching band, baton twirling, walking, moderate pace, general"
"5.5","10131","marching band, playing an instrument, walking, brisk pace, general"
"3.5","10135","marching band, drum major, walking"
"2.3","11003","active workstation, treadmill desk, walking"
"3.0","11006","airline flight attendant"
"4.0","11010","bakery, general, moderate effort"
"2.0","11015","bakery, light effort"
"2.3","11020","bookbinding"
"6.0","11030","building road, driving heavy machinery"
"2.0","11035","building road, directing traffic, standing"
"2.5","11038","carpentry, general, light effort"
"4.3","11040","carpentry, general, moderate effort"
"7.0","11042","carpentry, general, heavy or vigorous effort"
"8.0","11050","carrying heavy loads (e.g., bricks, tools)"
"8.0","11060","carrying moderate loads up stairs, moving boxes 25-49 lbs"
"4.0","11070","chambermaid, hotel housekeeper, making bed, cleaning bathroom, pushing cart"
"5.3","11080","coal mining, drilling coal, rock"
"5.0","11090","coal mining, erecting supports"
"5.5","11100","coal mining, general"
"6.3","11110","coal mining, shoveling coal"
"2.5","11115","cook, chef"
"4.0","11120","construction, outside, remodeling, new structures (e.g., roof repair, miscellaneous"
"2.3","11125","custodial work, light effort (e.g., cleaning sink and toilet, dusting, vacuuming, light cleaning)"
"3.8","11126","custodial work, moderate effort (e.g., electric buffer, feathering arena floors, mopping, taking out trash, vacuuming)"
"2.0","11128","driving delivery truck, taxi, shuttle bus, school bus"
"3.3","11130","electrical work (e.g., hook up wire, tapping-splicing)"
"1.8","11135","engineer (e.g., mechanical or electrical)"
"7.8","11145","farming, vigorous effort (e.g., baling hay, cleaning barn)"
"4.8","11146","farming, moderate effort (e.g., feeding animals, chasing cattle by walking and/or horseback, spreading manure, harvesting crops)"
"2.0","11147","farming, light effort (e.g., cleaning animal sheds, preparing animal feed)"
"2.8","11170","farming, driving tasks (e.g., driving tractor or harvester)"
"3.5","11180","farming, feeding small animals"
"4.3","11190","farming, feeding cattle, horses"
"4.3","11191","farming, hauling water for animals, general hauling water"
"4.5","11192","farming, taking care of animals (e.g., grooming, brushing, shearing sheep, assisting with birthing, medical care, branding), general"
"3.8","11195","farming, rice, planting, grain milling activities"
"3.5","11210","farming, milking by hand, cleaning pails, moderate effort"
"1.3","11220","farming, milking by machine, light effort"
"8.0","11240","fire fighter, general"
"6.8","11244","fire fighter, rescue victim, automobile accident, using pike pole"
"8.0","11245","fire fighter, raising and climbing ladder with full gear, simulated fire suppression"
"9.0","11246","fire fighter, hauling hoses on ground, carrying/hoisting equipment, breaking down walls, wearing full gear"
"3.5","11247","fishing, commercial, light effort"
"5.0","11248","fishing, commercial, moderate effort"
"7.0","11249","fishing, commercial, vigorous effort"
"17.5","11250","forestry, ax chopping, very fast, 1.25 kg axe, 51 blows/min, extremely vigorous effort"
"5.0","11260","forestry, ax chopping, slow, 1.25 kg axe, 19 blows/min, moderate effort"
"8.0","11262","forestry, ax chopping, fast, 1.25 kg axe, 35 blows/min, vigorous effort"
"4.5","11264","forestry, moderate effort (e.g., sawing wood with power saw, weeding, hoeing)"
"8.0","11266","forestry, vigorous effort (e.g., barking, felling, or trimming trees, carrying or stacking logs, felling trees, planting seeds, sawing lumber by hand )"
"4.5","11370","furriery"
"4.0","11375","garbage collector, walking, dumping bins into truck"
"1.8","11378","hairstylist (e.g., plaiting hair, manicure, make-up artist)"
"7.3","11380","horse grooming, including feeding, cleaning stalls, bathing, brushing, clipping, longeing and exercising horses."
"4.3","11381","horse, feeding, watering, cleaning stalls, implied walking and lifting loads"
"7.3","11390","horse racing, galloping"
"5.8","11400","horse racing, trotting"
"3.8","11410","horse racing, walking"
"3.0","11413","kitchen maid"
"4.0","11415","lawn keeper, yard work, general"
"3.3","11418","laundry worker"
"3.0","11420","locksmith"
"3.0","11430","machine tooling (e.g., machining, working sheet metal, machine fitter, operating lathe, welding) light-to-moderate effort"
"5.0","11450","machine tooling, operating punch press, moderate effort"
"1.8","11472","manager, property"
"2.8","11475","manual or unskilled labor, general, light effort"
"4.5","11476","manual or unskilled labor, general, moderate effort"
"6.5","11477","manual or unskilled labor, general, vigorous effort"
"4.3","11480","masonry, concrete, moderate effort"
"2.5","11482","masonry, concrete, light effort"
"4.0","11485","massage therapist, standing"
"7.5","11490","moving, carrying or pushing heavy objects, 75 lbs or more, only active time (e.g., desks, moving van work)"
"12.0","11495","skindiving or SCUBA diving as a frogman, Navy Seal"
"2.5","11500","operating heavy duty equipment, automated, not driving"
"4.5","11510","orange grove work, picking fruit"
"3.3","11514","painting,house, furniture, moderate effort"
"3.0","11516","plumbing activities"
"2.0","11520","printing, paper industry worker, standing"
"2.5","11525","police, directing traffic, standing"
"2.5","11526","police, driving a squad car, sitting"
"1.3","11527","police, riding in a squad car, sitting"
"4.0","11528","police, making an arrest, standing"
"2.3","11529","postal carrier, walking to deliver mail"
"2.0","11530","shoe repair, general"
"7.8","11540","shoveling, digging ditches"
"8.8","11550","shoveling, more than 16 pounds/minute, deep digging, vigorous effort"
"5.0","11560","shoveling, less than 10 pounds/minute, moderate effort"
"6.5","11570","shoveling, 10 to 15 pounds/minute, vigorous effort"
"1.5","11580","sitting tasks, light effort (e.g., office work, chemistry lab work, computer work, light assembly repair, watch repair, reading, desk work)"
"1.5","11585","sitting meetings, light effort, general, and/or with talking involved (e.g., eating at a business meeting)"
"2.5","11590","sitting tasks, moderate effort (e.g., pushing heavy levers, riding mower/forklift, crane operation)"
"2.8","11593","sitting, teaching stretching or yoga, or light effort exercise class"
"3.0","11600","standing tasks, light effort (e.g., bartending, store clerk, assembling, filing, duplicating, librarian, putting up a Christmas tree, standing and talking at work, changing clothes when teaching physical education,standing)"
"3.0","11610","standing, light/moderate effort (e.g., assemble/repair heavy parts, welding,stocking parts,auto repair,standing, packing boxes, nursing patient care)"
"4.5","11615","standing, moderate effort, lifting items continuously, 10 – 20 lbs, with limited walking or resting"
"3.5","11620","standing, moderate effort, intermittent lifting 50 lbs, hitch/twisting ropes"
"4.5","11630","standing, moderate/heavy tasks (e.g., lifting more than 50 lbs, masonry, painting, paper hanging)"
"5.3","11708","steel mill, moderate effort (e.g., fettling, forging, tipping molds)"
"8.3","11710","steel mill, vigorous effort (e.g., hand rolling, merchant mill rolling, removing slag, tending furnace)"
"2.3","11720","tailoring, cutting fabric"
"2.5","11730","tailoring, general"
"1.8","11740","tailoring, hand sewing"
"2.5","11750","tailoring, machine sewing"
"3.5","11760","tailoring, pressing"
"2.0","11763","tailoring, weaving, light effort (e.g., finishing operations, washing, dyeing, inspecting cloth, counting yards, paperwork)"
"4.0","11765","tailoring, weaving, moderate effort (e.g., spinning and weaving operations, delivering boxes of yam to spinners, loading of warp bean, pinwinding, conewinding, warping, cloth cutting)"
"6.5","11766","truck driving, loading and unloading truck, tying down load, standing, walking and carrying heavy loads"
"1.3","11770","typing, electric, manual or computer"
"6.3","11780","using heavy power tools such as pneumatic tools (e.g., jackhammers, drills)"
"8.0","11790","using heavy tools (not power) such as shovel, pick, tunnel bar, spade"
"2.0","11791","walking on job, less than 2.0 mph, very slow speed, in office or lab area"
"3.5","11792","walking on job, 3.0 mph, in office, moderate speed, not carrying anything"
"4.3","11793","walking on job, 3.5 mph, in office, brisk speed, not carrying anything"
"3.5","11795","walking on job, 2.5 mph, slow speed and carrying light objects less than 25 pounds"
"3.0","11796","walking, gathering things at work, ready to leave"
"3.8","11797","walking, 2.5 mph, slow speed, carrying heavy objects more than 25 lbs"
"4.5","11800","walking, 3.0 mph, moderately and carrying light objects less than 25 lbs"
"3.5","11805","walking, pushing a wheelchair"
"4.8","11810","walking, 3.5 mph, briskly and carrying objects less than 25 pounds"
"5.0","11820","walking or walk downstairs or standing, carrying objects about 25 to 49 pounds"
"6.5","11830","walking or walk downstairs or standing, carrying objects about 50 to 74 pounds"
"7.5","11840","walking or walk downstairs or standing, carrying objects about 75 to 99 pounds"
"8.5","11850","walking or walk downstairs or standing, carrying objects about 100 pounds or over"
"3.0","11870","working in scene shop, theater actor, backstage employee"
"6.0","12010","jog/walk combination (jogging component of less than 10 minutes) (Taylor Code 180)"
"7.0","12020","jogging, general"
"8.0","12025","jogging, in place"
"4.5","12027","jogging, on a mini-tramp"
"6.0","12029","running, 4 mph (15 min/mile)"
"8.3","12030","running, 5 mph (12 min/mile)"
"9.0","12040","running, 5.2 mph (11.5 min/mile)"
"9.8","12050","running, 6 mph (10 min/mile)"
"10.5","12060","running, 6.7 mph (9 min/mile)"
"11.0","12070","running, 7 mph (8.5 min/mile)"
"11.8","12080","running, 7.5 mph (8 min/mile)"
"11.8","12090","running, 8 mph (7.5 min/mile)"
"12.3","12100","running, 8.6 mph (7 min/mile)"
"12.8","12110","running, 9 mph (6.5 min/mile)"
"14.5","12120","running, 10 mph (6 min/mile)"
"16.0","12130","running, 11 mph (5.5 min/mile)"
"19.0","12132","running, 12 mph (5 min/mile)"
"19.8","12134","running, 13 mph (4.6 min/mile)"
"23.0","12135","running, 14 mph (4.3 min/mile)"
"9.0","12140","running, cross country"
"8.0","12150","running, (Taylor code 200)"
"15.0","12170","running, stairs, up"
"10.0","12180","running, on a track, team practice"
"8.0","12190","running, training, pushing a wheelchair or baby carrier"
"13.3","12200","running, marathon"
"2.3","13000","getting ready for bed, general, standing"
"1.8","13009","sitting on toilet, eliminating while standing or squating"
"1.5","13010","bathing, sitting"
"2.5","13020","dressing, undressing, standing or sitting"
"1.5","13030","eating, sitting"
"2.0","13035","talking and eating or eating only, standing"
"1.5","13036","taking medication, sitting or standing"
"2.0","13040","grooming, washing hands, shaving, brushing teeth, putting on make-up, sitting or standing"
"2.5","13045","hairstyling, standing"
"1.3","13046","having hair or nails done by someone else, sitting"
"2.0","13050","showering, toweling off, standing"
"2.8","14010","active, vigorous effort"
"1.8","14020","general, moderate effort"
"1.3","14030","passive, light effort, kissing, hugging"
"5.5","15000","Alaska Native Games, Eskimo Olympics, general"
"4.3","15010","archery, non-hunting"
"7.0","15020","badminton, competitive (Taylor Code 450)"
"5.5","15030","badminton, social singles and doubles, general"
"8.0","15040","basketball, game (Taylor Code 490)"
"6.0","15050","basketball, non-game, general (Taylor Code 480)"
"6.5","15055","basketball, general"
"7.0","15060","basketball, officiating (Taylor Code 500)"
"4.5","15070","basketball, shooting baskets"
"9.3","15072","basketball, drills, practice"
"7.8","15075","basketball, wheelchair"
"2.5","15080","billiards"
"3.0","15090","bowling (Taylor Code 390)"
"3.8","15092","bowling, indoor, bowling alley"
"12.8","15100","boxing, in ring, general"
"5.5","15110","boxing, punching bag"
"7.8","15120","boxing, sparring"
"7.0","15130","broomball"
"5.8","15135","children’s games, adults playing (e.g., hopscotch, 4-square, dodge ball, playground apparatus, t-ball, tetherball, marbles, jacks, arcade games), moderate effort"
"6.0","15138","cheerleading, gymnastic moves, competitive"
"4.0","15140","coaching, football, soccer, basketball, baseball, swimming, etc."
"8.0","15142","coaching, actively playing sport with players"
"4.8","15150","cricket, batting, bowling, fielding"
"3.3","15160","croquet"
"4.0","15170","curling"
"2.5","15180","darts, wall or lawn"
"6.0","15190","drag racing, pushing or driving a car"
"8.5","15192","auto racing, open wheel"
"6.0","15200","fencing"
"8.0","15210","football, competitive"
"8.0","15230","football, touch, flag, general (Taylor Code 510)"
"4.0","15232","football, touch, flag, light effort"
"2.5","15235","football or baseball, playing catch"
"3.0","15240","frisbee playing, general"
"8.0","15250","frisbee, ultimate"
"4.8","15255","golf, general"
"4.3","15265","golf, walking, carrying clubs"
"3.0","15270","golf, miniature, driving range"
"5.3","15285","golf, walking, pulling clubs"
"3.5","15290","golf, using power cart (Taylor Code 070)"
"3.8","15300","gymnastics, general"
"4.0","15310","hacky sack"
"12.0","15320","handball, general (Taylor Code 520)"
"8.0","15330","handball, team"
"4.0","15335","high ropes course, multiple elements"
"3.5","15340","hang gliding"
"7.8","15350","hockey, field"
"8.0","15360","hockey, ice, general"
"10.0","15362","hockey, ice, competitive"
"5.5","15370","horseback riding, general"
"4.3","15375","horse chores, feeding, watering, cleaning stalls, implied walking and lifting loads"
"4.5","15380","saddling, cleaning, grooming, harnessing and unharnessing horse"
"5.8","15390","horseback riding, trotting"
"7.3","15395","horseback riding, canter or gallop"
"3.8","15400","horseback riding,walking"
"9.0","15402","horseback riding, jumping"
"1.8","15408","horse cart, driving, standing or sitting"
"3.0","15410","horseshoe pitching, quoits"
"12.0","15420","jai alai"
"5.3","15425","martial arts, different types, slower pace, novice performers, practice"
"10.3","15430","martial arts, different types, moderate pace (e.g., judo, jujitsu, karate, kick boxing, tae kwan do, tai-bo, Muay Thai boxing)"
"4.0","15440","juggling"
"7.0","15450","kickball"
"8.0","15460","lacrosse"
"3.3","15465","lawn bowling, bocce ball, outdoor"
"4.0","15470","moto-cross, off-road motor sports, all-terrain vehicle, general"
"9.0","15480","orienteering"
"10.0","15490","paddleball, competitive"
"6.0","15500","paddleball, casual, general (Taylor Code 460)"
"8.0","15510","polo, on horseback"
"10.0","15520","racquetball, competitive"
"7.0","15530","racquetball, general (Taylor Code 470)"
"8.0","15533","rock or mountain climbing (Taylor Code 470) "
"7.5","15535","rock climbing, ascending rock, high difficulty"
"5.8","15537","rock climbing, ascending or traversing rock, low-to-moderate difficulty"
"5.0","15540","rock climbing, rappelling"
"4.0","15542","rodeo sports, general, light effort"
"5.5","15544","rodeo sports, general, moderate effort"
"7.0","15546","rodeo sports, general, vigorous effort"
"12.3","15550","rope jumping, fast pace, 120-160 skips/min"
"11.8","15551","rope jumping, moderate pace, 100-120 skips/min, general,  2 foot skip, plain bounce"
"8.8","15552","rope jumping, slow pace, < 100 skips/min, 2 foot skip, rhythm bounce"
"8.3","15560","rugby, union, team, competitive"
"6.3","15562","rugby, touch, non-competitive"
"3.0","15570","shuffleboard"
"5.0","15580","skateboarding, general, moderate effort"
"6.0","15582","skateboarding, competitive, vigorous effort"
"7.0","15590","skating, roller (Taylor Code 360)"
"7.5","15591","rollerblading, in-line skating, 14.4 km/h (9.0 mph), recreational pace"
"9.8","15592","rollerblading, in-line skating, 17.7 km/h (11.0 mph), moderate pace, exercise training"
"12.3","15593","rollerblading, in-line skating, 21.0 to 21.7 km/h (13.0 to 13.6 mph), fast pace, exercise training"
"14.0","15594","rollerblading, in-line skating, 24.0 km/h (15.0 mph), maximal effort"
"3.5","15600","skydiving, base jumping, bungee jumping"
"10.0","15605","soccer, competitive"
"7.0","15610","soccer, casual, general (Taylor Code 540)"
"5.0","15620","softball or baseball, fast or slow pitch, general (Taylor Code 440)"
"4.0","15625","softball, practice"
"4.0","15630","softball, officiating"
"6.0","15640","softball,pitching"
"3.3","15645","sports spectator, very excited, emotional, physically moving "
"12.0","15650","squash (Taylor Code 530)"
"7.3","15652","squash, general"
"4.0","15660","table tennis, ping pong (Taylor Code 410)"
"3.0","15670","tai chi, qi gong, general"
"1.5","15672","tai chi, qi gong, sitting, light effort"
"7.3","15675","tennis, general"
"6.0","15680","tennis, doubles (Taylor Code 430)"
"4.5","15685","tennis, doubles"
"8.0","15690","tennis, singles (Taylor Code 420)"
"5.0","15695","tennis, hitting balls, non-game play, moderate effort"
"3.5","15700","trampoline, recreational"
"4.5","15702","trampoline, competitive"
"4.0","15710","volleyball (Taylor Code 400)"
"6.0","15711","volleyball, competitive, in gymnasium"
"3.0","15720","volleyball, non-competitive, 6 - 9 member team, general"
"8.0","15725","volleyball, beach, in sand"
"6.0","15730","wrestling (one match = 5 minutes)"
"7.0","15731","wallyball, general"
"4.0","15732","track and field (e.g., shot, discus, hammer throw)"
"6.0","15733","track and field (e.g., high jump, long jump, triple jump, javelin, pole vault)"
"10.0","15734","track and field (e.g., steeplechase, hurdles)"
"2.5","16010","automobile or light truck (not a semi) driving"
"1.3","16015","riding in a car or truck"
"1.3","16016","riding in a bus or train"
"1.8","16020","flying airplane or helicopter"
"3.5","16030","motor scooter, motorcycle"
"6.3","16035","pulling rickshaw"
"6.0","16040","pushing plane in and out of hangar"
"2.5","16050","truck, semi, tractor, > 1 ton, or bus, driving"
"3.5","16060","walking for transportation, 2.8-3.2 mph, level, moderate pace, firm surface"
"7.0","17010","backpacking (Taylor Code 050)"
"7.8","17012","backpacking, hiking or organized walking with a daypack"
"5.0","17020","carrying 15 pound load (e.g. suitcase), level ground or downstairs"
"2.3","17021","carrying 15 lb child, slow walking"
"8.3","17025","carrying load upstairs, general"
"5.0","17026","carrying 1 to 15 lb load, upstairs"
"6.0","17027","carrying 16 to 24 lb load, upstairs"
"8.0","17028","carrying 25 to 49 lb load, upstairs"
"10.0","17029","carrying 50 to 74 lb load, upstairs"
"12.0","17030","carrying > 74 lb load, upstairs"
"3.5","17031","loading /unloading a car, implied walking"
"6.3","17033","climbing hills, no load"
"6.5","17035","climbing hills with 0 to 9 lb load"
"7.3","17040","climbing hills with 10 to 20 lb load"
"8.3","17050","climbing hills with 21 to 42 lb load"
"9.0","17060","climbing hills with 42+ lb load"
"3.5","17070","descending stairs"
"6.0","17080","hiking, cross country (Taylor Code 040)"
"5.3","17082","hiking or walking at a normal pace through fields and hillsides"
"2.5","17085","bird watching, slow walk"
"4.5","17088","marching, moderate speed, military, no pack"
"8.0","17090","marching rapidly, military, no pack"
"4.0","17100","pushing or pulling stroller with child or walking with children, 2.5 to 3.1 mph"
"3.8","17105","pushing a wheelchair, non-occupational "
"6.5","17110","race walking"
"8.0","17130","stair climbing, using or climbing up ladder (Taylor Code 030)"
"4.0","17133","stair climbing, slow pace"
"8.8","17134","stair climbing, fast pace"
"5.0","17140","using crutches"
"2.0","17150","walking, household"
"2.0","17151","walking, less than 2.0 mph, level, strolling, very slow"
"2.8","17152","walking, 2.0 mph, level, slow pace, firm surface"
"3.5","17160","walking for pleasure (Taylor Code 010)"
"2.5","17161","walking from house to car or bus, from car or bus to go places, from car or bus to and from the worksite"
"2.5","17162","walking to neighbor’s house or family’s house for social reasons"
"3.0","17165","walking the dog"
"3.0","17170","walking, 2.5 mph, level, firm surface"
"3.3","17180","walking, 2.5 mph, downhill"
"3.5","17190","walking, 2.8 to 3.2 mph, level, moderate pace, firm surface"
"4.3","17200","walking, 3.5 mph, level, brisk, firm surface, walking for exercise"
"5.3","17210","walking, 2.9 to 3.5 mph, uphill, 1 to 5% grade"
"8.0","17211","walking, 2.9 to 3.5 mph, uphill, 6% to 15% grade"
"5.0","17220","walking, 4.0 mph, level, firm surface, very brisk pace"
"7.0","17230","walking, 4.5 mph, level, firm surface, very, very brisk"
"8.3","17231","walking, 5.0 mph, level, firm surface"
"9.8","17235","walking, 5.0 mph, uphill, 3% grade"
"3.5","17250","walking, for pleasure, work break"
"4.8","17260","walking, grass track"
"4.5","17262","walking, normal pace, plowed field or sand"
"4.0","17270","walking, to work or class (Taylor Code 015)"
"2.5","17280","walking, to and from an outhouse"
"4.8","17302","walking, for exercise, 3.5 to 4 mph, with ski poles, Nordic walking, level, moderate pace"
"9.5","17305","walking, for exercise, 5.0 mph, with ski poles, Nordic walking, level, fast pace"
"6.8","17310","walking, for exercise, with ski poles, Nordic walking, uphill"
"6.0","17320","walking, backwards, 3.5 mph, level"
"8.0","17325","walking, backwards, 3.5 mph, uphill, 5% grade"
"2.5","18010","boating, power, driving"
"1.3","18012","boating, power, passenger, light"
"4.0","18020","canoeing, on camping trip (Taylor Code 270)"
"3.3","18025","canoeing, harvesting wild rice, knocking rice off the stalks"
"7.0","18030","canoeing, portaging"
"2.8","18040","canoeing, rowing, 2.0-3.9 mph, light effort"
"5.8","18050","canoeing, rowing, 4.0-5.9 mph, moderate effort"
"12.5","18060","canoeing, rowing, kayaking, competition, >6 mph, vigorous effort"
"3.5","18070","canoeing, rowing, for pleasure, general (Taylor Code 250)"
"12.0","18080","canoeing, rowing, in competition, or crew or sculling (Taylor Code 260)"
"3.0","18090","diving, springboard or platform"
"5.0","18100","kayaking, moderate effort"
"4.0","18110","paddle boat"
"3.0","18120","sailing, boat and board sailing, windsurfing, ice sailing, general (Taylor Code 235)"
"4.5","18130","sailing, in competition"
"3.3","18140","sailing, Sunfish/Laser/Hobby Cat, Keel boats, ocean sailing, yachting, leisure"
"6.0","18150","skiing, water or wakeboarding (Taylor Code 220)"
"7.0","18160","jet skiing, driving, in water"
"15.8","18180","skindiving, fast"
"11.8","18190","skindiving, moderate"
"7.0","18200","skindiving, scuba diving, general (Taylor Code 310)"
"5.0","18210","snorkeling (Taylor Code 310)"
"3.0","18220","surfing, body or board, general"
"5.0","18222","surfing, body or board, competitive"
"6.0","18225","paddle boarding, standing"
"9.8","18230","swimming laps, freestyle, fast, vigorous effort"
"5.8","18240","swimming laps, freestyle, front crawl, slow, light or moderate effort"
"9.5","18250","swimming, backstroke, general, training or competition"
"4.8","18255","swimming, backstroke, recreational"
"10.3","18260","swimming, breaststroke, general, training or competition"
"5.3","18265","swimming, breaststroke, recreational"
"13.8","18270","swimming, butterfly, general"
"10.0","18280","swimming, crawl, fast speed, ~75 yards/minute, vigorous effort"
"8.3","18290","swimming, crawl, medium speed, ~50 yards/minute, vigorous effort"
"6.0","18300","swimming, lake, ocean, river (Taylor Codes 280, 295)"
"6.0","18310","swimming, leisurely, not lap swimming, general"
"7.0","18320","swimming, sidestroke, general"
"8.0","18330","swimming, synchronized"
"9.8","18340","swimming, treading water, fast, vigorous effort"
"3.5","18350","swimming, treading water, moderate effort, general"
"2.3","18352","tubing, floating on a river, general"
"5.5","18355","water aerobics, water calisthenics"
"10.0","18360","water polo"
"3.0","18365","water volleyball"
"2.5","18367","water walking, light effort, slow pace"
"4.5","18368","water walking, moderate effort, moderate pace"
"6.8","18369","water walking, vigorous effort, brisk pace"
"5.0","18370","whitewater rafting, kayaking, or canoeing"
"5.0","18380","windsurfing, not pumping for speed"
"11.0","18385","windsurfing or kitesurfing, crossing trial"
"13.5","18390","windsurfing, competition, pumping for speed"
"7.5","19005","dog sledding, mushing"
"2.5","19006","dog sledding, passenger"
"6.0","19010","moving ice house, set up/drill holes"
"null","19011","ice fishing, sitting"
"14.0","19018","skating, ice dancing"
"5.5","19020","skating, ice, 9 mph or less"
"7.0","19030","skating, ice, general (Taylor Code 360)"
"9.0","19040","skating, ice, rapidly, more than 9 mph, not competitive"
"13.3","19050","skating, speed, competitive"
"7.0","19060","ski jumping, climb up carrying skis"
"7.0","19075","skiing, general"
"6.8","19080","skiing, cross country, 2.5 mph, slow or light effort, ski walking"
"9.0","19090","skiing, cross country, 4.0-4.9 mph, moderate speed and effort, general"
"12.5","19100","skiing, cross country, 5.0-7.9 mph, brisk speed, vigorous effort"
"15.0","19110","skiing, cross country, >8.0 mph, elite skier, racing"
"15.5","19130","skiing, cross country, hard snow, uphill, maximum, snow mountaineering"
"13.3","19135","skiing, cross-country, skating"
"13.5","19140","skiing, cross-country, biathlon, skating technique"
"4.3","19150","skiing, downhill, alpine or snowboarding, light effort, active time only"
"5.3","19160","skiing, downhill, alpine or snowboarding, moderate effort, general, active time only"
"8.0","19170","skiing, downhill, vigorous effort, racing"
"12.5","19175","skiing, roller, elite racers"
"7.0","19180","sledding, tobogganing, bobsledding, luge (Taylor Code 370)"
"5.3","19190","snow shoeing, moderate effort"
"10.0","19192","snow shoeing, vigorous effort"
"3.5","19200","snowmobiling, driving, moderate"
"2.0","19202","snowmobiling, passenger"
"5.3","19252","snow shoveling, by hand, moderate effort"
"7.5","19254","snow shoveling, by hand, vigorous effort"
"2.5","19260","snow blower, walking and pushing"
"1.3","20000","sitting in church, in service, attending a ceremony, sitting quietly"
"2.0","20001","sitting, playing an instrument at church"
"1.8","20005","sitting in church, talking or singing, attending a ceremony, sitting, active participation"
"1.3","20010","sitting, reading religious materials at home"
"1.3","20015","standing quietly in church, attending a ceremony"
"2.0","20020","standing, singing in church, attending a ceremony, standing, active participation"
"1.3","20025","kneeling in church or at home, praying"
"1.8","20030","standing, talking in church"
"2.0","20035","walking in church"
"2.0","20036","walking, less than 2.0 mph, very slow"
"3.5","20037","walking, 3.0 mph, moderate speed, not carrying anything"
"4.3","20038","walking, 3.5 mph, brisk speed, not carrying anything"
"2.0","20039","walk/stand combination for religious purposes, usher"
"5.0","20040","praise with dance or run, spiritual dancing in church"
"2.5","20045","serving food at church"
"2.0","20046","preparing food at church"
"3.3","20047","washing dishes, cleaning kitchen at church"
"1.5","20050","eating at church"
"2.0","20055","eating/talking at church or standing eating, American Indian Feast days"
"3.3","20060","cleaning church"
"4.0","20061","general yard work at church"
"3.5","20065","standing, moderate effort (e.g., lifting heavy objects, assembling at fast rate)"
"4.5","20095","standing, moderate-to-heavy effort, manual labor, lifting ≥ 50 lbs, heavy maintenance"
"1.3","20100","typing, electric, manual, or computer"
"1.5","21000","sitting, meeting, general, and/or with talking involved"
"1.5","21005","sitting, light office work, in general"
"2.5","21010","sitting, moderate work"
"2.3","21015","standing, light work (filing, talking, assembling)"
"2.0","21016","sitting, child care, only active periods"
"3.0","21017","standing, child care, only active periods"
"3.5","21018","walk/run play with children, moderate, only active periods"
"5.8","21019","walk/run play with children, vigorous, only active periods"
"3.0","21020","standing, light/moderate work (e.g., pack boxes, assemble/repair, set up chairs/furniture)"
"3.5","21025","standing, moderate (lifting 50 lbs., assembling at fast rate)"
"4.5","21030","standing, moderate/heavy work"
"1.3","21035","typing, electric, manual, or computer"
"2.0","21040","walking, less than 2.0 mph, very slow"
"3.5","21045","walking, 3.0 mph, moderate speed, not carrying anything"
"4.3","21050","walking, 3.5 mph, brisk speed, not carrying anything"
"3.5","21055","walking, 2.5 mph slowly and carrying objects less than 25 pounds"
"4.5","21060","walking, 3.0 mph moderately and carrying objects less than 25 pounds, pushing something"
"4.8","21065","walking, 3.5 mph, briskly and carrying objects less than 25 pounds"
"3.0","21070","walk/stand combination, for volunteer purposes"
"1.5","21000","sitting, meeting, general, and/or with talking involved"
"1.5","21005","sitting, light office work, in general"
"2.5","21010","sitting, moderate work"
"2.3","21015","standing, light work (filing, talking, assembling)"
"2.0","21016","sitting, child care, only active periods"
"3.0","21017","standing, child care, only active periods"
"3.5","21018","walk/run play with children, moderate, only active periods"
"5.8","21019","walk/run play with children, vigorous, only active periods"
"3.0","21020","standing, light/moderate work (e.g., pack boxes, assemble/repair, set up chairs/furniture)"
"3.5","21025","standing, moderate (lifting 50 lbs., assembling at fast rate)"
"4.5","21030","standing, moderate/heavy work"
"1.3","21035","typing, electric, manual, or computer"
"2.0","21040","walking, less than 2.0 mph, very slow"
"3.5","21045","walking, 3.0 mph, moderate speed, not carrying anything"
"4.3","21050","walking, 3.5 mph, brisk speed, not carrying anything"
"3.5","21055","walking, 2.5 mph slowly and carrying objects less than 25 pounds"
"4.5","21060","walking, 3.0 mph moderately and carrying objects less than 25 pounds, pushing something"
"4.8","21065","walking, 3.5 mph, briskly and carrying objects less than 25 pounds"
"3.0","21070","walk/stand combination, for volunteer purposes"
